{"mean_encode_ACTIVITY_NAME": {"Adult Care": 0.9047619047619048, "Agriculture": 0.9454430082904556, "Air Conditioning": 0.9315068493150684, "Animal Sales": 0.9533758947572064, "Aquaculture": 0.9821905609973286, "Arts": 0.9697503671071953, "Auto Repair": 0.9056646870717222, "Bakery": 0.9683494842138168, "Balut-Making": 1.0, "Barber Shop": 0.902989449003517, "Beauty Salon": 0.9341669731518941, "Beekeeping": 1.0, "Beverages": 0.9539667896678967, "Bicycle Repair": 1.0, "Bicycle Sales": 1.0, "Blacksmith": 0.9987929993964997, "Bookbinding": 1.0, "Bookstore": 0.9864113650401483, "Bricks": 0.9941377625793845, "Butcher Shop": 0.9261848175590661, "Cafe": 0.9250392464678179, "Call Center": 0.9937888198757764, "Carpentry": 0.984309958373359, "Catering": 0.9698919197117859, "Cattle": 0.9113669652893688, "Celebrations": 1.0, "Cement": 0.9720062208398134, "Cereals": 0.9497925140720654, "Charcoal Sales": 0.9818205944798302, "Cheese Making": 0.9871031746031746, "Child Care": 0.9096045197740112, "Cleaning Services": 0.8298507462686567, "Cloth & Dressmaking Supplies": 0.9712879409351928, "Clothing": 0.9450774434751646, "Clothing Sales": 0.9384603475635717, "Cobbler": 0.9722386296515062, "Communications": 0.6863636363636364, "Computer": 0.9987760097919217, "Computers": 0.9579579579579579, "Construction": 0.9458989949125202, "Construction Supplies": 0.9666809055958991, "Consumer Goods": 0.9278042959427207, "Cosmetics Sales": 0.9283519132268756, "Crafts": 0.9934031819945673, "Dairy": 0.9599091056646648, "Decorations Sales": 0.9431524547803618, "Dental": 0.919103313840156, "Education provider": 0.9813023154690728, "Electrical Goods": 0.9092857142857143, "Electrician": 0.9445061043285239, "Electronics Repair": 0.9397208121827412, "Electronics Sales": 0.8859223300970874, "Embroidery": 0.9914409810935104, "Energy": 0.9657320872274143, "Entertainment": 0.8607287449392712, "Event Planning": 0.9352941176470588, "Farm Supplies": 0.935656836461126, "Farming": 0.9472169222434221, "Film": 0.9512195121951219, "Fish Selling": 0.9789884082999712, "Fishing": 0.9859886051909685, "Florist": 0.9612756264236902, "Flowers": 0.9747102212855637, "Food": 0.9534249377748986, "Food Market": 0.9735361917934532, "Food Production/Sales": 0.962569162055863, "Food Stall": 0.9660758528683057, "Fruits & Vegetables": 0.9711187009407394, "Fuel/Firewood": 0.9622822438868467, "Funerals": 0.9861111111111112, "Furniture Making": 0.9976560210958101, "Games": 0.9950920245398773, "General Store": 0.9537634286492993, "Goods Distribution": 0.9764521193092621, "Grocery Store": 0.9559115395520272, "Hardware": 0.9236174763214177, "Health": 0.9517382413087935, "Higher education costs": 0.9841684713613621, "Home Appliances": 0.992748049664872, "Home Energy": 0.9918482691158089, "Home Products Sales": 0.9377524523946913, "Hotel": 0.9095652173913044, "Internet Cafe": 0.9759217456734387, "Jewelry": 0.9443434802362562, "Knitting": 1.0, "Land Rental": 0.9388888888888889, "Landscaping / Gardening": 0.902542372881356, "Laundry": 0.973, "Liquor Store / Off-License": 0.9626416003856351, "Livestock": 0.933133556613197, "Machine Shop": 1.0, "Machinery Rental": 0.9798270893371758, "Manufacturing": 0.9982303122234862, "Medical Clinic": 0.9853195164075993, "Metal Shop": 0.9993290841999329, "Milk Sales": 0.9729470912137897, "Mobile Phones": 0.8964049195837275, "Mobile Transactions": 0.9192913385826772, "Motorcycle Repair": 0.933083176985616, "Motorcycle Transport": 0.9219136107541761, "Movie Tapes & DVDs": 0.9577874818049491, "Music Discs & Tapes": 0.9751381215469613, "Musical Instruments": 1.0, "Musical Performance": 0.9911504424778761, "Natural Medicines": 0.995418098510882, "Office Supplies": 0.9516348773841962, "Paper Sales": 0.924812030075188, "Party Supplies": 0.9496567505720824, "Patchwork": 1.0, "Perfumes": 0.9389121338912134, "Personal Care Products": 0.9938650306748467, "Personal Expenses": 0.9391426469604761, "Personal Housing Expenses": 0.9351361154210409, "Personal Medical Expenses": 0.9096034810320525, "Personal Products Sales": 0.931926068073932, "Pharmacy": 0.9964813511611541, "Phone Accessories": 0.901565995525727, "Phone Repair": 0.9669811320754716, "Phone Use Sales": 0.8577633007600435, "Photography": 0.9480249480249481, "Pigs": 0.9857962756513481, "Plastics Sales": 0.9421128798842258, "Poultry": 0.9717634132942684, "Primary/secondary school costs": 0.9909205548549811, "Printing": 0.952544704264099, "Property": 0.9061823430358431, "Pub": 0.9057669441141498, "Quarrying": 0.9891891891891892, "Recycled Materials": 0.9812409812409812, "Recycling": 0.9963289280469897, "Religious Articles": 0.9887218045112782, "Renewable Energy Products": 0.995049504950495, "Restaurant": 0.9518179130948862, "Retail": 0.9406414709782049, "Rickshaw": 0.9439205119568879, "Secretarial Services": 0.9976076555023924, "Services": 0.8989696866485014, "Sewing": 0.9799790946369703, "Shoe Sales": 0.9396903789533669, "Souvenir Sales": 0.9530988274706867, "Spare Parts": 0.9002286426938266, "Sporting Good Sales": 0.9848484848484849, "Tailoring": 0.9736315438362417, "Taxi": 0.892354124748491, "Technology": 0.5391304347826087, "Textiles": 0.9958859829562151, "Timber Sales": 0.9818084537185661, "Tourism": 0.9593810444874274, "Transportation": 0.9207845134997453, "Traveling Sales": 0.989648033126294, "Upholstery": 0.9709762532981531, "Used Clothing": 0.9745542347696879, "Used Shoes": 0.9707459775719162, "Utilities": 0.9600840336134454, "Vehicle": 0.8880245649948822, "Vehicle Repairs": 0.9002201027146002, "Veterinary Sales": 0.9799072642967542, "Waste Management": 0.9981549815498155, "Water Distribution": 0.9871937639198218, "Weaving": 0.9998145400593472, "Wedding Expenses": 0.7632432432432432, "Well digging": 1.0, "Wholesale": 0.9654882154882155}, "mean_encode_SECTOR_NAME": {"Agriculture": 0.9516944447150274, "Arts": 0.993213344602993, "Clothing": 0.9452257171709616, "Construction": 0.9665369320585498, "Education": 0.986023068995214, "Entertainment": 0.9280575539568345, "Food": 0.9633930619168402, "Health": 0.9381917493172345, "Housing": 0.9339722079856109, "Manufacturing": 0.9982424425027618, "Personal Use": 0.9714038240275102, "Retail": 0.9472860411182966, "Services": 0.9451247399713784, "Transportation": 0.918229275422844, "Wholesale": 0.971161657189277}, "mean_encode_COUNTRY_NAME": {"Afghanistan": 1.0, "Albania": 0.8874355925485533, "Armenia": 0.8055303990822918, "Azerbaijan": 0.9266315362788813, "Bangladesh": 1.0, "Belize": 1.0, "Benin": 0.9877759532931947, "Bhutan": 1.0, "Bolivia": 0.9312753329473075, "Bosnia and Herzegovina": 1.0, "Brazil": 0.9436383928571429, "Bulgaria": 1.0, "Burkina Faso": 0.9908987485779295, "Burundi": 0.9531645569620253, "Cambodia": 0.9794834636915869, "Cameroon": 0.9710453132668084, "Canada": 1.0, "Chile": 1.0, "China": 1.0, "Colombia": 0.8418304172274562, "Congo": 0.9957894736842106, "Costa Rica": 0.9541973269259648, "Cote D'Ivoire": 1.0, "Dominican Republic": 0.9809621289662231, "Ecuador": 0.9679255043973098, "Egypt": 0.989423076923077, "El Salvador": 0.8868616638695757, "Fiji": 0.9849246231155779, "Georgia": 0.9361818980667839, "Ghana": 0.988343534365132, "Guam": 0.5, "Guatemala": 0.9541579070310675, "Haiti": 0.9884766366974801, "Honduras": 0.9499884017629321, "India": 0.9891241017673335, "Indonesia": 0.953757225433526, "Iraq": 0.9069077972131634, "Israel": 0.996316758747698, "Jordan": 0.8775838926174496, "Kenya": 0.9433093004481808, "Kosovo": 0.8545454545454545, "Kyrgyzstan": 0.9076206140350878, "Lao People's Democratic Republic": 1.0, "Lebanon": 0.9185686393321214, "Lesotho": 1.0, "Liberia": 0.9998979695949393, "Madagascar": 0.9992427331508126, "Malawi": 0.9979577944179714, "Mali": 0.9560202876398249, "Mauritania": 1.0, "Mexico": 0.9644195623004673, "Moldova": 0.9480392156862745, "Mongolia": 0.9542136695421367, "Mozambique": 0.9443089430894309, "Myanmar (Burma)": 0.8812600969305331, "Namibia": 1.0, "Nepal": 1.0, "Nicaragua": 0.9516503327515774, "Nigeria": 0.954631451490843, "Pakistan": 0.9620737088447041,